log_date,push_count
19-02-01,736729
19-02-02,511067
19-02-03,528724
19-02-04,709256
19-02-05,740087
19-02-06,828340
19-02-07,855820
19-02-08,876558
19-02-09,711352
19-02-10,726738
19-02-11,933373
19-02-12,959901
19-02-13,964590
19-02-14,910286
19-02-15,848699
19-02-16,628103
19-02-17,660322
19-02-18,895603
19-02-19,953629
19-02-20,949635
19-02-21,955522
19-02-22,917177
19-02-23,659269
19-02-24,701236
19-02-25,975518
19-02-26,1015931
19-02-27,975017
19-02-28,958305
19-03-01,877648
19-03-02,651934
19-03-03,691516
19-03-04,953642
19-03-05,960052
19-03-06,956920
19-03-07,948127
19-03-08,871289
19-03-09,655612
19-03-10,693005
19-03-11,958071
19-03-12,968218
19-03-13,913213
19-03-14,981776
19-03-15,908980
19-03-16,639149
19-03-17,674015
19-03-18,973138
19-03-19,1015747
19-03-20,1030862
19-03-21,987880
19-03-22,940083
19-03-23,680284
19-03-24,732752
19-03-25,985210
19-03-26,1015158
19-03-27,988336
19-03-28,960122
19-03-29,923610
19-03-30,657774
19-03-31,698977
19-04-01,942929
19-04-02,1011466
19-04-03,1024102
19-04-04,1023094
19-04-05,896419
19-04-06,644560
19-04-07,709638
19-04-08,1019979
19-04-09,944757
19-04-10,1032029
19-04-11,1016603
19-04-12,944749
19-04-13,691124
19-04-14,719655
19-04-15,960241
19-04-16,1004906
19-04-17,962822
19-04-18,928066
19-04-19,822771
19-04-20,637555
19-04-21,634379
19-04-22,869363
19-04-23,1007129
19-04-24,997962
19-04-25,987342
19-04-26,920902
19-04-27,655932
19-04-28,720557
19-04-29,950336
19-04-30,986033
19-05-01,846924
19-05-02,932629
19-05-03,869605
19-05-04,655596
19-05-05,731643
19-05-06,945787
19-05-07,973691
19-05-08,845210
19-05-09,956187
19-05-10,919024
19-05-11,646186
19-05-12,666480
19-05-13,944651
19-05-14,998339
19-05-15,989321
19-05-16,979288
19-05-17,904402
19-05-18,635748
19-05-19,670781
19-05-20,937562
19-05-21,986783
19-05-22,969340
19-05-23,960897
19-05-24,879943
19-05-25,615473
19-05-26,635104
19-05-27,863598
19-05-28,970739
19-05-29,924637
19-05-30,942743
19-05-31,908637
19-06-01,641700
19-06-02,664349
19-06-03,941040
19-06-04,980994
19-06-05,969237
19-06-06,968088
19-06-07,855144
19-06-08,607374
19-06-09,643368
19-06-10,921310
19-06-11,987912
19-06-12,985706
19-06-13,981966
19-06-14,876784
19-06-15,598649
19-06-16,624435
19-06-17,918547
19-06-18,947202
19-06-19,938357
19-06-20,912571
19-06-21,861004
19-06-22,601985
19-06-23,644669
19-06-24,914440
19-06-25,956819
19-06-26,945094
19-06-27,928392
19-06-28,837200
19-06-29,579043
19-06-30,592809
19-07-01,881688
19-07-02,920703
19-07-03,910181
19-07-04,819783
19-07-05,788902
19-07-06,598114
19-07-07,613398
19-07-08,915404
19-07-09,960277
19-07-10,938893
19-07-11,964279
19-07-12,890375
19-07-13,603932
19-07-14,630452
19-07-15,925569
19-07-16,959798
19-07-17,958867
19-07-18,940762
19-07-19,899965
19-07-20,615995
19-07-21,638225
19-07-22,922097
19-07-23,969853
19-07-24,933142
19-07-25,898382
19-07-26,852293
19-07-27,600428
19-07-28,663577
19-07-29,969388
19-07-30,1017800
19-07-31,1009288
19-08-01,987829
19-08-02,915535
19-08-03,643060
19-08-04,659166
19-08-05,954540
19-08-06,982357
19-08-07,978924
19-08-08,955222
19-08-09,893207
19-08-10,640980
19-08-11,643640
19-08-12,918449
19-08-13,958142
19-08-14,971452
19-08-15,881092
19-08-16,885573
19-08-17,651344
19-08-18,716221
19-08-19,980444
19-08-20,986368
19-08-21,1008115
19-08-22,975142
19-08-23,899282
19-08-24,638546
19-08-25,657839
19-08-26,929137
19-08-27,1010382
19-08-28,1046002
19-08-29,1020406
19-08-30,921973
19-08-31,650116
19-09-01,683948
19-09-02,893356
19-09-03,970513
19-09-04,1002060
19-09-05,977504
19-09-06,922181
19-09-07,661898
19-09-08,691059
19-09-09,975349
19-09-10,1011351
19-09-11,991193
19-09-12,286155
19-09-13,660287
19-09-14,668692
19-09-15,697019
19-09-16,997987
19-09-17,1035935
19-09-18,1030658
19-09-19,1008518
19-09-20,929352
19-09-21,679834
19-09-22,722942
19-09-23,1012245
19-09-24,981957
19-09-25,1049101
19-09-26,1034349
19-09-27,965986
19-09-28,706483
19-09-29,745323
19-09-30,994475
19-10-01,959377
19-10-02,960125
19-10-03,963577
19-10-04,927708
19-10-05,698380
19-10-06,730718
19-10-07,981909
19-10-08,1014043
19-10-09,1009630
19-10-10,959940
19-10-11,958999
19-10-12,738410
19-10-13,731280
19-10-14,1007130
19-10-15,1045559
19-10-16,1000966
19-10-17,1008689
19-10-18,961439
19-10-19,724469
19-10-20,764181
19-10-21,1035013
19-10-22,1085947
19-10-23,1074606
19-10-24,1008383
19-10-25,959324
19-10-26,700488
19-10-27,728405
19-10-28,1013830
19-10-29,1003101
19-10-30,925538
19-10-31,954690
19-11-01,909302
19-11-02,685143
19-11-03,718614
19-11-04,1009602
19-11-05,1027008
19-11-06,1089694
19-11-07,1075847
19-11-08,1002722
19-11-09,722901
19-11-10,734530
19-11-11,1026837
19-11-12,1103263
19-11-13,1085672
19-11-14,1065596
19-11-15,993674
19-11-16,716144
19-11-17,761068
19-11-18,1037372
19-11-19,1086351
19-11-20,1067002
19-11-21,1073715
19-11-22,986711
19-11-23,705113
19-11-24,736264
19-11-25,1072204
19-11-26,1104737
19-11-27,1055793
19-11-28,954867
19-11-29,859767
19-11-30,691890
19-12-01,765436
19-12-02,1087212
19-12-03,1135921
19-12-04,1121567
19-12-05,1109582
19-12-06,1022900
19-12-07,730604
19-12-08,766976
19-12-09,1084186
19-12-10,1112616
19-12-11,1101107
19-12-12,1061678
19-12-13,961088
19-12-14,720602
19-12-15,746224
19-12-16,1029784
19-12-17,1058494
19-12-18,1029029
19-12-19,999443
19-12-20,913832
19-12-21,640958
19-12-22,648001
19-12-23,823771
19-12-24,720936
19-12-25,597513
19-12-26,717881
19-12-27,731723
19-12-28,620329
19-12-29,627507
19-12-30,792344
19-12-31,693257
20-01-01,570350
20-01-02,854673
20-01-03,879764
20-01-04,703290
20-01-05,727426
20-01-06,945107
20-01-07,1003707
20-01-08,1028428
20-01-09,1045746
20-01-10,1000151
20-01-11,729593
20-01-12,748161
20-01-13,1034195
20-01-14,1067085
